"","Concentration_M","Absorbance"
"1",0,0
"2",4e-05,0.119
"3",8e-05,0.292
"4",0.00012,0.414
"5",0.00016,0.575
"6",2e-04,0.73
